Player;G;MP;FG;FGA;FG%;3P;3PA;3P%;2P;2PA;2P%;FT;FTA;FT%;ORB;DRB;TRB;AST;STL;BLK;TOV;PF;PTS;Team;Season
Fabien Causeur;36;18.1;2.5;4.7;529;0.8;1.9;441;1.7;2.8;588;1.0;1.4;712;0.4;1.2;1.6;1.9;0.4;0.1;1.0;1.4;6.9;Real Madrid;18
Jaycee Carroll;36;16.0;3.3;6.5;513;1.5;3.3;458;1.8;3.2;569;1.3;1.3;957;0.2;0.6;0.9;0.5;0.3;0.2;0.6;1.5;9.4;Real Madrid;18
Felipe Reyes;35;15.5;2.8;4.9;582;0.1;0.2;429;2.7;4.7;589;2.6;3.3;793;1.7;2.6;4.3;0.8;0.2;0.2;1.2;2.4;8.4;Real Madrid;18
Jeffery Taylor;34;20.6;2.0;4.7;419;0.7;2.1;352;1.2;2.6;472;1.2;1.8;700;0.8;1.1;1.9;1.2;0.5;0.1;0.7;2.1;5.9;Real Madrid;18
Luka Doncic;33;25.9;4.7;10.5;451;1.7;5.2;329;3.0;5.2;572;4.8;5.9;816;0.8;4.0;4.8;4.3;1.1;0.3;2.3;1.5;16.0;Real Madrid;18
Rudy Fernandez;31;19.4;2.1;5.6;382;1.5;4.0;371;0.6;1.6;408;1.6;1.9;879;0.7;1.8;2.5;2.6;0.7;0.2;0.8;1.5;7.4;Real Madrid;18
Facundo Campazzo;30;23.1;2.7;6.7;396;1.4;3.6;376;1.3;3.1;419;1.2;1.4;833;0.2;2.2;2.4;4.5;1.4;0.1;2.0;2.6;7.9;Real Madrid;18
Trey Thompkins;29;21.2;3.4;7.1;483;1.4;3.4;420;2.0;3.6;543;1.2;1.4;857;0.9;4.2;5.1;1.1;0.7;0.3;0.8;1.9;9.5;Real Madrid;18
Walter Tavares;29;17.4;2.6;3.8;682;0.0;0.0;0;2.6;3.8;682;1.3;2.1;623;2.2;3.1;5.3;0.5;0.4;1.5;0.8;2.6;6.5;Real Madrid;18
Chasson Randle;23;7.6;1.0;2.2;440;0.4;0.9;450;0.6;1.3;433;0.3;0.3;750;0.1;0.4;0.5;1.0;0.2;0.0;0.3;1.2;2.6;Real Madrid;18
Jonas Maciulis;22;12.9;1.0;2.8;377;0.6;2.0;302;0.5;0.8;556;0.3;0.4;875;0.4;1.4;1.8;0.4;0.5;0.1;0.4;1.5;3.0;Real Madrid;18
Anthony Randolph;21;18.0;3.2;6.9;472;0.7;2.1;311;2.6;4.7;545;1.1;1.7;657;1.3;2.4;3.8;1.2;0.7;0.3;0.9;1.4;8.2;Real Madrid;18
Gustavo Ayon;18;23.0;3.9;6.8;577;0.0;0.0;0;3.9;6.8;577;1.4;2.4;581;1.9;3.9;5.8;2.8;1.4;0.8;1.4;2.5;9.3;Real Madrid;18
Santi Yusta;16;6.8;0.9;1.9;484;0.2;0.7;273;0.8;1.3;600;0.3;0.4;714;0.4;0.6;0.9;0.8;0.1;0.1;0.4;1.0;2.4;Real Madrid;18
Dino Radoncic;7;6.4;0.4;1.3;333;0.1;0.9;167;0.3;0.4;667;0.0;0.0;0;0.0;0.4;0.4;0.1;0.1;0.0;0.3;0.9;1.0;Real Madrid;18
Sergio Llull;4;18.0;3.3;9.0;361;2.3;6.0;375;1.0;3.0;333;1.3;2.5;500;0.0;0.5;0.5;4.5;0.5;0.0;1.0;2.8;10.0;Real Madrid;18
Ognjen Kuzmic;2;5.0;0.5;1.5;333;0.0;0.0;0;0.5;1.5;333;0.0;0.0;0;0.5;1.5;2.0;0.0;0.0;0.0;0.5;1.5;1.0;Real Madrid;18
Kevin Pangos;36;27.6;4.6;9.6;483;2.1;4.4;475;2.5;5.2;489;1.4;1.8;754;0.4;2.3;2.7;5.9;0.7;0.1;2.6;2.8;12.7;Zalgiris Kaunas;18
Aaron White;36;22.4;3.3;6.2;538;0.6;1.4;385;2.8;4.8;585;1.7;2.3;747;1.1;3.3;4.4;1.0;0.6;0.4;0.9;2.1;8.9;Zalgiris Kaunas;18
Arturas Milaknis;36;22.4;2.7;5.7;471;2.1;4.6;449;0.6;1.1;564;0.5;0.6;826;0.3;1.6;2.0;0.9;0.4;0.1;0.8;2.1;8.0;Zalgiris Kaunas;18
Vasilije Micic;36;22.4;2.7;6.3;432;0.6;1.7;355;2.1;4.6;461;1.6;2.3;707;0.4;1.8;2.2;4.2;0.9;0.0;2.3;2.1;7.7;Zalgiris Kaunas;18
Brandon Davies;36;17.4;3.3;5.8;577;0.0;0.0;0;3.3;5.8;577;2.6;3.1;848;1.5;2.1;3.5;0.9;0.9;0.4;1.3;3.1;9.3;Zalgiris Kaunas;18
Edgaras Ulanovas;35;27.1;2.6;5.2;503;0.6;1.3;457;2.0;3.9;518;1.7;2.1;787;1.3;2.8;4.1;2.1;0.5;0.4;1.1;2.1;7.5;Zalgiris Kaunas;18
Paulius Jankunas;35;22.1;4.2;7.3;576;0.3;0.7;375;4.0;6.7;597;2.6;3.1;833;1.3;3.5;4.9;1.4;0.5;0.3;1.2;3.0;11.3;Zalgiris Kaunas;18
Antanas Kavaliauskas;35;13.2;2.2;3.6;611;0.0;0.0;0;2.2;3.6;616;1.3;1.7;759;1.0;1.5;2.6;0.8;0.3;0.2;0.8;3.0;5.7;Zalgiris Kaunas;18
Axel Toupane;34;15.3;2.3;4.6;503;0.4;1.2;375;1.9;3.4;548;1.9;2.6;711;0.5;1.6;2.1;0.5;0.4;0.1;1.0;1.9;6.9;Zalgiris Kaunas;18
Paulius Valinskas;25;9.0;0.9;2.5;371;0.4;1.2;310;0.6;1.3;424;0.6;0.8;750;0.2;1.0;1.2;0.8;0.2;0.0;0.6;0.7;2.8;Zalgiris Kaunas;18
Beno Udrih;17;11.5;1.4;3.3;411;0.1;0.5;250;1.2;2.8;438;0.3;0.6;500;0.2;1.3;1.5;1.8;0.4;0.0;0.9;1.1;3.1;Zalgiris Kaunas;18
Gytis Masiulis;12;3.2;0.4;0.6;714;0.1;0.1;1000;0.3;0.5;667;0.3;0.3;750;0.1;0.7;0.8;0.1;0.1;0.0;0.2;0.6;1.2;Zalgiris Kaunas;18
Martynas Sajus;12;3.1;0.2;0.3;500;0.0;0.0;0;0.2;0.3;500;0.1;0.2;500;0.1;0.1;0.2;0.2;0.0;0.0;0.3;0.9;0.4;Zalgiris Kaunas;18
Dee Bost;6;7.8;0.7;2.0;333;0.2;0.8;200;0.5;1.2;429;0.7;0.7;1000;0.0;1.0;1.0;1.3;0.2;0.0;0.5;0.8;2.2;Zalgiris Kaunas;18
Martynas Arlauskas;4;3.3;0.0;0.5;0;0.0;0.3;0;0.0;0.3;0;1.0;1.3;800;0.3;0.3;0.5;0.0;0.0;0.0;0.0;0.8;1.0;Zalgiris Kaunas;18
Nicolo Melli;36;26.5;3.1;6.1;502;0.9;2.2;430;2.1;3.9;543;1.8;2.3;805;1.5;3.4;5.0;1.7;0.9;0.3;1.1;2.5;8.9;Fenerbahce Dogus Istanbul;18
Brad Wanamaker;36;26.1;3.6;8.7;410;1.1;3.3;333;2.4;5.3;458;3.1;3.6;855;0.6;2.1;2.7;3.8;1.3;0.1;1.5;2.3;11.3;Fenerbahce Dogus Istanbul;18
Marko Guduric;36;16.6;2.4;4.5;547;1.0;2.3;446;1.4;2.2;654;0.8;0.9;875;0.4;1.1;1.6;1.9;0.7;0.0;1.1;2.0;6.7;Fenerbahce Dogus Istanbul;18
Jason Thompson;36;16.0;2.0;3.8;533;0.0;0.0;0;2.0;3.8;533;0.9;1.5;618;1.1;2.8;3.9;0.8;0.1;0.6;0.9;2.8;5.0;Fenerbahce Dogus Istanbul;18
Kostas Sloukas;35;24.8;3.3;7.7;428;1.2;3.2;381;2.1;4.5;462;2.2;2.4;916;0.5;2.0;2.5;5.4;0.6;0.1;2.0;1.6;10.0;Fenerbahce Dogus Istanbul;18
Luigi Datome;35;23.9;3.4;7.1;486;1.5;3.3;444;1.9;3.7;523;1.3;1.4;917;0.7;2.7;3.4;1.1;0.4;0.6;1.0;2.0;9.6;Fenerbahce Dogus Istanbul;18
Jan Vesely;34;26.6;4.7;7.7;609;0.0;0.0;0;4.7;7.7;609;3.1;4.4;707;2.5;2.6;5.1;1.6;0.9;0.7;1.5;3.4;12.5;Fenerbahce Dogus Istanbul;18
James Nunnally;29;20.6;3.2;6.0;540;1.6;2.9;554;1.7;3.1;527;1.2;1.3;897;0.4;1.6;2.1;1.3;0.7;0.2;1.1;1.7;9.3;Fenerbahce Dogus Istanbul;18
Ahmet Duverioglu;27;9.0;1.4;2.0;709;0.0;0.0;0;1.4;2.0;709;0.4;1.0;462;0.7;1.1;1.8;0.5;0.3;0.3;0.3;2.0;3.3;Fenerbahce Dogus Istanbul;18
Ali Muhammed;21;11.3;2.5;5.3;468;1.7;3.7;462;0.8;1.6;485;0.3;0.4;750;0.2;0.9;1.1;1.2;0.3;0.0;0.4;1.0;7.0;Fenerbahce Dogus Istanbul;18
Melih Mahmutoglu;21;6.7;0.6;1.9;325;0.3;1.0;286;0.3;0.9;368;0.1;0.1;1000;0.0;0.4;0.5;0.2;0.1;0.0;0.1;0.6;1.7;Fenerbahce Dogus Istanbul;18
Nikola Kalinic;19;17.5;2.2;4.4;494;0.5;1.8;286;1.6;2.5;646;0.6;0.8;800;0.5;1.1;1.6;1.2;0.5;0.2;1.2;1.4;5.5;Fenerbahce Dogus Istanbul;18
Sinan Guler;10;6.8;0.8;2.1;381;0.6;1.0;600;0.2;1.1;182;0.1;0.2;500;0.3;0.6;0.9;0.7;0.3;0.0;0.9;0.9;2.3;Fenerbahce Dogus Istanbul;18
Egehan Arna;1;3.0;1.0;2.0;500;0.0;0.0;0;1.0;2.0;500;0.0;0.0;0;0.0;0.0;0.0;1.0;0.0;0.0;0.0;0.0;2.0;Fenerbahce Dogus Istanbul;18
Baris Hersek;1;2.0;0.0;0.0;0;0.0;0.0;0;0.0;0.0;0;0.0;0.0;0;0.0;0.0;0.0;0.0;0.0;0.0;0.0;1.0;0.0;Fenerbahce Dogus Istanbul;18
Will Clyburn;36;26.6;4.0;9.1;435;0.9;2.3;386;3.1;6.8;451;2.8;4.0;692;1.5;4.4;5.9;1.8;0.9;0.3;1.6;2.0;11.6;CSKA Moscow;18
Sergio Rodriguez;36;26.0;4.8;9.7;491;2.6;5.8;438;2.2;3.8;572;1.7;1.9;897;0.3;1.7;2.0;4.9;0.8;0.1;2.1;2.1;13.8;CSKA Moscow;18
Cory Higgins;36;24.7;5.1;9.5;543;1.1;2.4;455;4.0;7.0;573;2.8;3.4;806;0.4;2.0;2.4;1.9;1.0;0.1;1.4;2.8;14.2;CSKA Moscow;18
Nikita Kurbanov;36;18.6;1.8;3.8;460;0.5;1.5;333;1.3;2.3;542;1.2;1.4;863;0.9;2.3;3.2;1.3;0.7;0.4;0.8;2.4;5.2;CSKA Moscow;18
Semen Antonov;34;13.7;1.6;3.1;500;0.6;1.5;400;1.0;1.6;589;0.5;0.6;727;0.8;1.3;2.1;0.6;0.4;0.5;0.3;2.2;4.2;CSKA Moscow;18
Nando De Colo;32;25.8;5.7;10.4;542;1.8;3.7;492;3.8;6.8;569;3.5;3.7;950;0.3;1.9;2.3;3.7;1.3;0.1;2.3;2.0;16.7;CSKA Moscow;18
Kyle Hines;31;21.7;3.3;5.4;605;0.0;0.0;0;3.3;5.4;608;1.9;2.4;787;2.0;2.4;4.4;1.2;1.1;0.8;0.4;2.6;8.4;CSKA Moscow;18
Othello Hunter;30;19.3;3.2;5.2;615;0.0;0.1;0;3.2;5.1;623;1.8;2.5;743;2.7;2.8;5.5;0.7;0.9;0.3;0.8;2.4;8.2;CSKA Moscow;18
Andrey Vorontsevich;30;15.0;1.7;3.9;448;0.9;2.3;397;0.8;1.6;521;0.4;0.5;786;0.5;1.9;2.4;0.7;0.2;0.5;0.4;1.7;4.7;CSKA Moscow;18
Vitaly Fridzon;30;7.6;1.0;2.6;372;0.4;1.1;382;0.5;1.5;364;0.5;0.6;882;0.3;0.4;0.7;0.4;0.3;0.1;0.4;1.6;2.9;CSKA Moscow;18
Leo Westermann;17;13.5;1.5;4.1;362;0.8;2.4;325;0.7;1.7;414;0.9;0.9;1000;0.2;0.9;1.2;1.9;0.4;0.1;0.8;1.8;4.6;CSKA Moscow;18
Victor Khryapa;16;6.6;0.6;1.3;476;0.2;0.6;333;0.4;0.8;583;0.1;0.3;500;0.2;1.2;1.4;0.4;0.3;0.1;0.5;1.2;1.6;CSKA Moscow;18
Victor Rudd;13;10.2;0.7;2.0;346;0.3;1.1;286;0.4;0.9;417;0.6;0.7;889;0.2;1.0;1.2;0.3;0.5;0.2;0.5;1.0;2.3;CSKA Moscow;18
Mikhail Kulagin;7;6.9;1.6;3.0;524;1.0;2.0;500;0.6;1.0;571;0.1;0.3;500;0.0;0.3;0.3;1.3;0.4;0.0;0.3;0.7;4.3;CSKA Moscow;18
Pavel Korobkov;4;8.3;1.0;1.3;800;0.0;0.0;0;1.0;1.3;800;0.3;0.3;1000;0.0;0.3;0.3;0.0;0.0;0.0;0.3;1.5;2.3;CSKA Moscow;18
Alan Makiev;1;1.0;0.0;0.0;0;0.0;0.0;0;0.0;0.0;0;0.0;0.0;0;0.0;0.0;0.0;0.0;0.0;0.0;0.0;2.0;0.0;CSKA Moscow;18
Alexander Gankevich;1;1.0;0.0;0.0;0;0.0;0.0;0;0.0;0.0;0;0.0;0.0;0;0.0;0.0;0.0;0.0;0.0;0.0;0.0;2.0;0.0;CSKA Moscow;18
Janis Strelnieks;34;19.9;2.4;5.4;435;1.1;3.0;382;1.2;2.4;500;1.6;1.8;918;0.1;1.2;1.3;2.1;0.6;0.0;0.9;1.7;7.5;Olympiacos Piraeus;18
Brian Roberts;32;18.5;2.1;5.0;419;1.0;2.3;432;1.1;2.7;407;1.7;1.8;965;0.2;1.5;1.7;1.4;0.5;0.0;1.1;2.2;6.9;Olympiacos Piraeus;18
Jamel McLean;32;18.0;2.9;5.3;550;0.0;0.1;250;2.9;5.2;558;2.8;4.3;657;1.9;2.8;4.7;1.0;0.4;0.2;1.4;2.3;8.7;Olympiacos Piraeus;18
Ioannis Papapetrou;31;22.0;2.7;6.5;413;0.8;2.7;286;1.9;3.8;504;0.7;1.1;667;0.9;2.7;3.6;0.7;0.4;0.3;0.7;2.0;6.8;Olympiacos Piraeus;18
Vangelis Mantzaris;31;19.7;1.3;3.9;322;0.8;2.9;275;0.5;1.0;467;1.1;1.3;829;0.4;1.7;2.1;2.0;0.7;0.0;0.8;2.7;4.4;Olympiacos Piraeus;18
Nikola Milutinov;29;21.7;3.3;5.1;653;0.0;0.0;0;3.3;5.1;653;2.1;2.8;756;2.3;3.4;5.7;1.0;0.6;0.6;1.1;2.0;8.8;Olympiacos Piraeus;18
Georgios Printezis;28;25.6;4.6;9.9;466;0.8;2.4;343;3.8;7.5;505;2.0;2.9;691;1.4;4.1;5.5;1.4;0.5;0.3;1.3;1.2;12.0;Olympiacos Piraeus;18
Kostas Papanikolaou;28;24.1;2.5;5.3;469;0.9;2.4;373;1.6;2.9;550;2.5;3.2;775;1.0;3.3;4.3;2.1;1.0;0.4;1.5;2.1;8.3;Olympiacos Piraeus;18
Hollis Thompson;28;15.1;2.1;5.0;417;0.5;1.8;265;1.6;3.2;500;1.0;1.5;674;0.9;1.8;2.7;0.9;0.6;0.1;0.6;1.8;5.6;Olympiacos Piraeus;18
Vassilis Spanoulis;24;26.3;4.4;11.0;396;1.7;5.4;315;2.7;5.6;474;3.5;4.3;817;0.2;1.3;1.5;5.6;0.7;0.0;3.5;2.5;14.0;Olympiacos Piraeus;18
Kyle Wiltjer;24;9.7;1.7;3.5;476;0.9;2.1;420;0.8;1.4;559;0.3;0.5;667;0.3;1.1;1.4;0.1;0.2;0.1;0.3;1.2;4.5;Olympiacos Piraeus;18
Giorgos Bogris;17;6.9;0.4;1.1;333;0.0;0.0;0;0.4;1.1;333;0.1;0.5;250;0.6;1.1;1.8;0.4;0.1;0.1;0.4;1.6;0.8;Olympiacos Piraeus;18
Kim Tillie;10;16.1;1.3;2.7;481;0.8;1.4;571;0.5;1.3;385;0.4;0.7;571;0.7;1.7;2.4;0.5;0.2;0.2;1.0;2.0;3.8;Olympiacos Piraeus;18
Vassilis Toliopoulos;10;5.3;0.5;1.7;294;0.4;1.3;308;0.1;0.4;250;0.1;0.2;500;0.0;0.3;0.3;0.9;0.2;0.1;0.1;0.9;1.5;Olympiacos Piraeus;18
Bobby Brown;9;9.7;0.7;3.4;194;0.2;2.2;100;0.4;1.2;364;0.7;1.2;545;0.3;0.2;0.6;1.1;0.1;0.0;0.4;1.4;2.2;Olympiacos Piraeus;18
Dimitrios Agravanis;8;11.4;1.1;3.5;321;0.4;1.9;200;0.8;1.6;462;0.9;1.3;700;0.5;2.4;2.9;0.1;0.1;0.0;0.5;1.9;3.5;Olympiacos Piraeus;18
Matt Janning;34;22.4;2.9;6.8;431;1.8;4.7;388;1.1;2.1;528;0.6;0.6;905;0.1;1.6;1.7;1.5;0.6;0.1;0.7;2.1;8.3;Baskonia Vitoria Gasteiz;18
Johannes Voigtmann;34;21.3;3.4;5.4;622;0.9;1.5;577;2.5;3.9;639;1.1;1.6;667;1.1;3.3;4.4;1.6;0.4;0.3;1.1;1.7;8.7;Baskonia Vitoria Gasteiz;18
Vincent Poirier;34;17.9;3.2;5.6;573;0.0;0.0;0;3.2;5.6;573;1.7;2.4;725;1.9;3.3;5.2;1.0;0.6;0.9;1.0;2.6;8.2;Baskonia Vitoria Gasteiz;18
Tornike Shengelia;33;25.5;5.1;9.0;569;0.5;1.4;326;4.7;7.6;614;3.0;4.4;681;1.6;4.5;6.1;2.2;0.8;0.5;1.5;2.0;13.7;Baskonia Vitoria Gasteiz;18
Janis Timma;33;22.8;2.6;5.5;483;1.6;4.0;412;1.0;1.5;673;0.7;0.9;767;0.9;1.5;2.4;1.3;0.9;0.1;1.2;1.9;7.6;Baskonia Vitoria Gasteiz;18
Rodrigue Beaubois;33;21.3;4.8;9.5;498;1.6;4.1;400;3.1;5.5;572;1.3;1.4;894;0.5;2.0;2.4;1.8;0.7;0.4;1.2;2.6;12.4;Baskonia Vitoria Gasteiz;18
Jayson Granger;31;21.6;3.4;7.8;440;1.5;3.7;405;1.9;4.0;472;0.9;1.2;737;0.2;1.7;1.9;5.1;0.5;0.0;2.0;1.4;9.3;Baskonia Vitoria Gasteiz;18
Marcelinho Huertas;29;16.6;2.0;4.8;414;0.7;1.5;432;1.3;3.3;406;1.2;1.3;921;0.2;0.8;1.0;3.6;0.1;0.0;1.5;1.6;5.9;Baskonia Vitoria Gasteiz;18
Ilimane Diop;25;9.5;1.2;2.2;537;0.1;0.3;286;1.1;1.9;574;1.1;1.4;778;0.7;1.0;1.6;0.3;0.1;0.4;0.4;2.0;3.5;Baskonia Vitoria Gasteiz;18
Luca Vildoza;24;13.2;1.5;3.5;422;0.9;2.1;412;0.6;1.3;438;0.7;1.0;696;0.2;1.0;1.3;2.0;0.5;0.1;1.5;2.0;4.5;Baskonia Vitoria Gasteiz;18
Patricio Garino;23;15.1;1.6;3.3;468;0.3;1.0;273;1.3;2.4;545;1.1;1.3;839;0.3;1.3;1.7;0.7;1.0;0.1;1.0;1.6;4.5;Baskonia Vitoria Gasteiz;18
Kevin Jones;11;14.3;1.9;3.7;512;0.6;1.8;350;1.3;1.9;667;0.3;0.4;750;0.7;1.7;2.5;0.5;0.4;0.3;0.1;1.1;4.7;Baskonia Vitoria Gasteiz;18
Rinalds Malmanis;11;12.0;0.8;2.0;409;0.3;0.7;375;0.5;1.3;429;0.5;0.7;750;0.5;1.4;1.9;0.6;0.4;0.1;0.2;2.2;2.5;Baskonia Vitoria Gasteiz;18
Jordan McRae;3;15.3;1.3;5.7;235;0.3;2.0;167;1.0;3.7;273;2.0;2.3;857;0.3;0.7;1.0;0.7;0.7;0.7;0.3;0.7;5.0;Baskonia Vitoria Gasteiz;18
Carlos Delfino;2;5.0;0.0;0.5;0;0.0;0.5;0;0.0;0.0;0;0.0;0.0;0;0.0;1.0;1.0;0.0;0.0;0.0;0.5;0.0;0.0;Baskonia Vitoria Gasteiz;18
Miguel Gonzalez;2;4.0;0.5;0.5;1000;0.5;0.5;1000;0.0;0.0;0;0.0;0.0;0;0.0;0.0;0.0;0.0;0.0;0.0;0.5;0.5;1.5;Baskonia Vitoria Gasteiz;18
Ivan Martinez;2;3.0;0.0;1.5;0;0.0;1.0;0;0.0;0.5;0;0.0;0.0;0;0.0;0.0;0.0;0.0;0.0;0.0;0.0;0.0;0.0;Baskonia Vitoria Gasteiz;18
Alexey Shved;34;32.2;7.0;17.3;407;3.1;9.5;330;3.9;7.7;502;4.6;5.6;820;0.2;2.4;2.6;5.2;1.3;0.2;3.1;1.9;21.8;Khimki Moscow Region;18
Charles Jenkins;34;21.4;1.9;4.2;455;1.1;2.4;451;0.8;1.8;459;0.6;0.8;769;0.4;1.2;1.7;1.7;0.9;0.1;0.7;3.1;5.5;Khimki Moscow Region;18
Malcolm Thomas;34;21.4;2.9;5.5;532;0.3;1.2;268;2.6;4.3;607;1.2;1.7;712;2.2;2.8;4.9;1.4;0.8;0.4;0.8;2.1;7.4;Khimki Moscow Region;18
Stefan Markovic;33;23.7;1.6;5.0;317;0.8;2.8;266;0.8;2.1;386;1.1;1.3;841;0.4;1.9;2.3;3.8;1.3;0.1;1.5;2.4;5.0;Khimki Moscow Region;18
Anthony Gill;32;25.9;4.2;7.1;588;1.0;2.2;478;3.2;5.0;635;2.3;3.2;743;1.5;3.0;4.5;1.0;0.5;0.6;1.3;2.8;11.8;Khimki Moscow Region;18
Sergey Monia;32;12.4;1.1;2.7;419;0.8;1.9;393;0.4;0.8;480;0.2;0.2;857;0.5;0.9;1.4;1.2;0.3;0.4;0.5;1.7;3.2;Khimki Moscow Region;18
James Anderson;31;21.8;3.4;7.5;455;1.3;3.8;345;2.1;3.6;571;1.1;1.3;875;0.5;2.3;2.8;1.3;0.6;0.3;0.9;2.3;9.2;Khimki Moscow Region;18
Egor Vialtsev;30;11.6;1.2;2.8;440;0.9;2.1;419;0.4;0.7;500;0.6;0.7;864;0.2;0.7;0.9;0.7;0.3;0.0;0.6;1.8;4.0;Khimki Moscow Region;18
Marko Todorovic;27;10.4;1.2;2.1;561;0.0;0.0;0;1.2;2.1;561;0.3;0.5;571;0.8;1.3;2.1;0.6;0.3;0.4;0.7;2.1;2.7;Khimki Moscow Region;18
Thomas Robinson;20;15.6;3.5;7.1;486;0.0;0.1;0;3.5;7.1;489;1.3;3.0;417;2.5;3.4;5.9;0.4;0.7;0.6;1.1;2.6;8.2;Khimki Moscow Region;18
Vyacheslav Zaytsev;20;5.2;0.3;0.9;278;0.1;0.5;200;0.2;0.4;375;0.2;0.2;1000;0.1;0.4;0.5;0.6;0.1;0.2;0.3;1.2;0.8;Khimki Moscow Region;18
Tyler Honeycutt;17;21.2;3.2;6.8;474;1.5;3.1;491;1.7;3.7;460;1.2;1.4;870;0.9;4.5;5.4;1.8;1.1;0.7;1.5;1.5;9.2;Khimki Moscow Region;18
Andrey Zubkov;15;10.3;1.2;2.9;409;0.4;1.2;333;0.8;1.7;462;0.3;0.7;455;0.4;1.5;1.9;0.3;0.1;0.0;0.5;1.3;3.1;Khimki Moscow Region;18
Dimitri Sokolov;2;3.0;0.5;0.5;1000;0.0;0.0;0;0.5;0.5;1000;0.5;1.0;500;0.5;0.0;0.5;0.0;0.0;0.0;0.5;1.0;1.5;Khimki Moscow Region;18
Chris Singleton;34;30.2;3.0;6.8;435;1.7;3.8;461;1.2;3.1;404;2.6;3.6;732;1.0;4.8;5.8;1.1;1.0;0.7;1.6;3.4;10.3;Panathinaikos Superfoods Athens;18
James Gist;34;25.4;3.9;7.1;546;0.4;1.4;250;3.5;5.6;620;1.8;2.6;674;1.9;2.5;4.4;1.0;0.8;0.4;1.1;3.0;9.8;Panathinaikos Superfoods Athens;18
Kenny Gabriel;33;11.3;1.1;2.8;383;0.6;2.0;288;0.5;0.8;607;0.1;0.4;333;0.8;1.6;2.4;0.2;0.3;0.3;0.3;1.9;2.9;Panathinaikos Superfoods Athens;18
Thanasis Antetokounmpo;33;11.3;1.4;2.7;528;0.1;0.4;286;1.3;2.3;573;0.6;1.1;583;0.8;1.4;2.2;0.4;0.3;0.3;0.4;1.9;3.6;Panathinaikos Superfoods Athens;18
Ian Vouyoukas;33;8.2;1.2;2.0;631;0.0;0.0;0;1.2;2.0;631;1.2;1.5;784;0.6;1.0;1.6;0.4;0.2;0.2;0.7;1.7;3.7;Panathinaikos Superfoods Athens;18
Nikos Pappas;32;17.6;2.8;6.5;423;0.9;2.7;326;1.9;3.8;492;1.8;2.4;776;0.2;0.9;1.1;0.9;0.6;0.0;1.2;2.0;8.2;Panathinaikos Superfoods Athens;18
Nick Calathes;31;29.0;5.8;12.2;476;1.1;3.7;293;4.7;8.5;557;1.8;3.2;576;0.6;3.2;3.8;8.0;1.7;0.1;2.3;2.6;14.5;Panathinaikos Superfoods Athens;18
K.C. Rivers;31;23.4;3.0;7.4;409;1.7;4.8;358;1.3;2.6;500;0.7;1.0;656;0.7;2.0;2.7;0.8;1.1;0.1;0.7;2.0;8.5;Panathinaikos Superfoods Athens;18
Lukas Lekavicius;31;12.7;1.4;2.9;473;0.5;1.1;486;0.8;1.8;464;0.5;0.6;895;0.3;0.7;1.0;1.5;0.2;0.0;0.9;1.3;3.9;Panathinaikos Superfoods Athens;18
Marcus Denmon;28;13.0;1.9;4.6;408;1.3;3.0;417;0.6;1.6;391;0.5;0.6;833;0.3;0.5;0.8;1.0;0.5;0.1;0.6;1.3;5.6;Panathinaikos Superfoods Athens;18
Matt Lojeski;27;18.7;2.1;4.7;460;1.1;2.4;455;1.0;2.2;467;0.3;0.4;700;0.5;1.9;2.4;0.7;0.3;0.1;0.6;1.6;5.7;Panathinaikos Superfoods Athens;18
Zach Auguste;14;5.8;0.7;1.1;625;0.0;0.0;0;0.7;1.1;625;0.1;0.6;111;0.6;0.7;1.4;0.1;0.2;0.2;0.6;1.3;1.5;Panathinaikos Superfoods Athens;18
Mike James;12;25.5;6.3;13.1;478;1.3;5.2;242;5.0;7.9;632;2.4;3.4;707;0.3;2.4;2.8;4.1;1.3;0.1;1.3;2.3;16.2;Panathinaikos Superfoods Athens;18
Adreian Payne;12;9.9;1.8;3.6;512;0.0;0.4;0;1.8;3.2;579;1.1;2.0;542;1.4;1.4;2.8;0.2;0.3;0.2;1.0;1.9;4.8;Panathinaikos Superfoods Athens;18
Dinos Mitoglou;4;3.0;0.0;1.0;0;0.0;0.5;0;0.0;0.5;0;0.8;1.5;500;0.5;0.3;0.8;0.5;0.3;0.0;0.0;0.5;0.8;Panathinaikos Superfoods Athens;18
Georgios Kalaitzakis;1;0.0;0.0;0.0;0;0.0;0.0;0;0.0;0.0;0;0.0;0.0;0;0.0;0.0;0.0;0.0;0.0;0.0;0.0;0.0;0.0;Panathinaikos Superfoods Athens;18
Ray McCallum;30;21.5;3.6;8.5;422;0.6;2.1;286;3.0;6.4;466;1.4;2.2;627;0.6;1.7;2.3;2.7;0.9;0.2;1.5;1.6;9.2;Unicaja Malaga;18
Alberto Diaz;30;19.1;1.3;3.8;345;0.8;2.5;307;0.5;1.3;421;0.5;0.6;778;0.4;1.2;1.6;2.5;0.8;0.0;0.9;2.7;3.8;Unicaja Malaga;18
Carlos Suarez;30;19.0;1.5;3.8;389;0.6;1.8;352;0.8;2.0;424;1.8;2.2;846;1.1;2.4;3.5;2.2;0.4;0.1;1.0;1.3;5.4;Unicaja Malaga;18
James Augustine;29;23.3;4.2;6.6;642;0.0;0.2;0;4.2;6.3;667;0.8;1.3;564;3.0;3.7;6.7;1.4;1.0;0.5;0.6;1.9;9.2;Unicaja Malaga;18
Sasu Salin;28;15.9;1.7;5.4;318;1.1;3.8;305;0.6;1.6;348;0.5;0.6;722;0.4;1.3;1.7;1.3;0.5;0.0;1.0;1.6;5.0;Unicaja Malaga;18
Adam Waczynski;27;18.9;3.6;7.1;500;1.9;3.8;495;1.7;3.3;506;1.1;1.3;829;0.9;1.4;2.3;1.1;0.7;0.0;1.0;1.7;10.1;Unicaja Malaga;18
Dragan Milosavljevic;27;18.5;2.3;5.6;417;0.7;2.0;333;1.7;3.6;464;1.1;1.4;769;0.9;1.7;2.6;1.0;0.5;0.1;1.1;1.6;6.4;Unicaja Malaga;18
Jeff Brooks;26;22.9;3.5;6.9;500;0.7;1.7;395;2.8;5.3;533;1.2;1.6;780;1.8;2.5;4.3;1.0;0.6;0.4;0.9;1.8;8.8;Unicaja Malaga;18
Nemanja Nedovic;24;25.1;5.6;13.0;429;2.3;6.3;358;3.3;6.7;497;3.4;4.0;845;0.4;1.5;2.0;4.8;0.6;0.1;2.2;1.6;16.8;Unicaja Malaga;18
Giorgi Shermadini;23;14.4;2.0;4.3;470;0.0;0.0;0;2.0;4.3;475;2.4;3.3;747;1.3;2.2;3.5;0.5;0.3;0.5;1.3;1.7;6.5;Unicaja Malaga;18
Daniel Diez;23;13.6;1.7;3.4;487;0.5;1.5;343;1.1;1.9;605;0.3;0.4;800;0.6;1.5;2.1;0.8;0.3;0.0;0.3;0.8;4.2;Unicaja Malaga;18
Morayo Soluade;11;10.4;0.9;2.7;333;0.4;1.6;222;0.5;1.1;500;0.0;0.0;0;0.1;0.6;0.7;1.4;0.6;0.3;1.1;1.1;2.2;Unicaja Malaga;18
Viny Okouo;11;9.0;0.7;1.7;421;0.0;0.0;0;0.7;1.7;421;1.2;1.8;650;0.6;1.3;1.9;0.0;0.1;0.5;0.5;1.8;2.6;Unicaja Malaga;18
Dejan Musli;9;11.2;2.1;3.7;576;0.0;0.0;0;2.1;3.7;576;1.2;2.2;550;0.8;1.9;2.7;0.4;0.0;0.3;0.9;0.7;5.4;Unicaja Malaga;18
Ignacio Rosa;1;0.0;0.0;0.0;0;0.0;0.0;0;0.0;0.0;0;0.0;0.0;0;0.0;0.0;0.0;0.0;0.0;0.0;0.0;0.0;0.0;Unicaja Malaga;18
Deandre Kane;30;23.4;2.9;5.7;512;0.4;1.3;289;2.6;4.5;575;1.1;2.2;515;1.4;2.6;4.0;2.1;0.9;0.3;1.2;2.0;7.4;Maccabi FOX Tel Aviv;18
Alex Tyus;30;20.0;3.7;6.0;617;0.0;0.0;0;3.7;6.0;617;0.9;1.9;491;2.2;2.8;5.0;0.2;0.5;1.0;0.6;1.6;8.3;Maccabi FOX Tel Aviv;18
Artsiom Parakhouski;30;16.2;3.1;5.0;631;0.0;0.0;0;3.1;5.0;631;1.4;2.0;695;1.9;2.0;3.9;0.3;0.5;1.0;0.8;2.5;7.6;Maccabi FOX Tel Aviv;18
Michael Roll;29;26.2;3.3;7.1;471;1.1;2.6;408;2.3;4.5;508;1.4;1.6;889;0.3;1.8;2.1;2.9;0.3;0.1;0.9;1.6;9.1;Maccabi FOX Tel Aviv;18
Pierre Jackson;29;25.6;4.6;11.2;410;1.9;5.1;367;2.7;6.1;446;3.4;4.0;862;0.4;2.5;2.9;4.2;1.0;0.0;2.7;2.5;14.5;Maccabi FOX Tel Aviv;18
Jonah Bolden;29;21.1;2.7;5.4;487;0.8;2.5;319;1.9;3.0;628;0.8;1.5;512;1.2;4.3;5.5;1.6;1.2;0.9;1.0;2.3;6.9;Maccabi FOX Tel Aviv;18
Norris Cole;28;24.6;4.7;11.3;418;0.8;2.5;319;3.9;8.8;445;2.4;2.9;817;0.1;2.4;2.5;3.8;1.1;0.1;2.1;2.7;12.6;Maccabi FOX Tel Aviv;18
Deshaun Thomas;28;24.3;4.5;10.2;446;1.3;3.1;425;3.2;7.1;455;1.1;1.6;689;0.9;2.4;3.3;1.2;0.5;0.1;0.9;1.3;11.5;Maccabi FOX Tel Aviv;18
John DiBartolomeo;28;12.9;1.0;3.2;326;0.5;1.8;286;0.5;1.4;375;0.8;0.9;808;0.4;1.2;1.6;1.4;0.5;0.0;0.4;1.8;3.3;Maccabi FOX Tel Aviv;18
Jake Cohen;19;7.6;0.7;1.6;452;0.2;0.4;500;0.5;1.2;435;0.4;0.5;778;0.5;1.1;1.6;0.2;0.1;0.0;0.2;1.3;2.1;Maccabi FOX Tel Aviv;18
Yovel Zoosman;14;8.1;0.6;1.4;450;0.3;0.8;364;0.4;0.6;556;0.2;0.2;1000;0.2;0.6;0.8;0.6;0.3;0.1;0.4;0.9;1.8;Maccabi FOX Tel Aviv;18
Itay Segev;9;8.0;0.6;2.0;278;0.0;0.1;0;0.6;1.9;294;0.6;1.4;385;0.8;1.1;1.9;0.3;0.4;0.0;0.4;1.0;1.7;Maccabi FOX Tel Aviv;18
Karam Mashour;6;6.8;0.7;2.2;308;0.0;0.7;0;0.7;1.5;444;0.2;0.3;500;0.7;1.3;2.0;0.2;0.0;0.2;0.0;1.3;1.5;Maccabi FOX Tel Aviv;18
Will Thomas;30;23.6;2.3;4.9;473;0.5;1.7;288;1.8;3.1;574;1.1;1.4;744;1.2;2.3;3.6;1.1;0.8;0.1;0.5;1.5;6.2;Valencia Basket;18
Aaron Doornekamp;30;22.3;1.8;5.2;344;1.1;3.3;330;0.7;1.9;368;1.2;1.5;804;0.8;3.0;3.8;1.5;0.8;0.3;0.6;2.2;5.9;Valencia Basket;18
Tibor Pleiss;29;19.3;4.1;7.2;565;0.2;0.3;500;3.9;6.9;568;1.8;2.2;797;1.6;3.7;5.2;0.6;0.4;1.1;1.2;2.4;10.1;Valencia Basket;18
Rafa Martinez;29;15.4;2.1;4.3;484;1.2;2.7;442;0.9;1.6;553;1.6;1.9;870;0.4;0.9;1.3;1.3;0.5;0.0;0.8;1.6;6.9;Valencia Basket;18
Erick Green;28;24.6;4.5;10.1;445;1.5;3.7;417;3.0;6.4;461;3.9;4.3;900;0.3;1.4;1.7;1.7;0.8;0.0;1.0;1.3;14.4;Valencia Basket;18
Alberto Abalde;25;19.1;2.8;5.7;497;1.1;2.2;519;1.7;3.6;483;0.8;0.9;870;0.5;1.6;2.1;1.7;0.3;0.0;1.3;1.8;7.6;Valencia Basket;18
Sam Van Rossom;24;21.6;2.4;5.3;449;1.4;3.4;420;1.0;1.9;500;1.0;1.2;857;0.5;1.5;2.0;4.0;0.3;0.0;1.8;1.9;7.2;Valencia Basket;18
Bojan Dubljevic;24;20.2;3.7;7.9;471;1.0;2.6;371;2.8;5.3;520;2.4;2.9;814;1.5;3.4;5.0;1.4;0.5;0.1;1.4;2.3;10.8;Valencia Basket;18
Fernando San Emeterio;20;22.2;3.4;7.6;450;1.5;3.6;403;2.0;4.0;494;1.2;1.5;793;0.3;2.5;2.8;2.3;0.3;0.0;1.6;1.5;9.4;Valencia Basket;18
Joan Sastre;18;20.9;1.9;4.3;455;1.0;2.2;462;0.9;2.1;447;0.7;0.8;800;0.8;1.4;2.3;2.0;0.6;0.2;1.4;1.8;5.6;Valencia Basket;18
Guillem Vives;16;18.4;1.5;3.9;387;1.1;3.1;360;0.4;0.8;500;0.3;0.3;1000;0.4;1.3;1.8;3.7;0.6;0.3;1.1;2.9;4.4;Valencia Basket;18
Damjan Rudez;11;11.5;1.1;3.1;353;0.7;1.9;381;0.4;1.2;308;0.1;0.1;1000;0.2;0.8;1.0;0.9;0.1;0.1;0.7;1.5;3.0;Valencia Basket;18
Tryggvi Hlinason;11;8.2;1.3;2.0;636;0.0;0.0;0;1.3;2.0;636;0.5;1.1;417;0.8;1.1;1.9;0.2;0.3;0.7;0.3;1.1;3.0;Valencia Basket;18
Josep Puerto;10;3.2;0.3;0.8;375;0.0;0.1;0;0.3;0.7;429;0.3;0.4;750;0.1;0.3;0.4;0.1;0.1;0.1;0.0;0.1;0.9;Valencia Basket;18
Sergi Garcia;8;13.0;1.6;3.8;433;0.8;2.0;375;0.9;1.8;500;0.4;0.4;1000;0.6;0.5;1.1;1.5;0.3;0.0;1.0;1.6;4.4;Valencia Basket;18
Latavious Williams;4;8.0;1.5;2.3;667;0.0;0.3;0;1.5;2.0;750;0.3;0.3;1000;0.5;0.8;1.3;0.3;0.0;0.0;0.5;1.5;3.3;Valencia Basket;18
Taylor Rochestie;30;26.0;5.1;10.3;494;1.7;4.1;407;3.4;6.2;551;1.6;1.8;891;0.4;1.8;2.3;5.0;0.8;0.1;1.8;2.1;13.4;Crvena Zvezda mts Belgrade;18
Mathias Lessort;30;21.1;3.3;6.1;549;0.0;0.0;0;3.3;6.0;552;1.8;2.9;632;2.9;2.8;5.7;0.8;0.8;0.7;1.7;2.8;8.5;Crvena Zvezda mts Belgrade;18
Branko Lazic;30;20.4;1.1;3.5;324;0.5;1.9;259;0.6;1.6;404;0.6;0.6;944;0.8;1.2;2.0;0.9;0.8;0.1;0.4;3.0;3.3;Crvena Zvezda mts Belgrade;18
Milko Bjelica;29;26.0;3.2;8.2;397;0.9;3.1;297;2.3;5.0;459;1.8;2.6;703;1.2;2.5;3.7;1.3;0.4;0.2;0.7;2.6;9.2;Crvena Zvezda mts Belgrade;18
James Feldeine;28;25.0;3.9;10.5;374;1.5;4.3;345;2.5;6.3;394;2.3;2.6;865;0.4;1.3;1.6;2.9;1.2;0.1;1.4;1.4;11.6;Crvena Zvezda mts Belgrade;18
Stefan Jankovic;28;11.9;1.5;3.9;389;0.3;1.3;189;1.3;2.5;493;0.6;0.7;842;1.0;1.5;2.5;0.5;0.4;0.4;0.5;2.0;3.8;Crvena Zvezda mts Belgrade;18
Ognjen Dobric;26;15.2;2.3;5.2;452;1.0;3.0;351;1.3;2.2;586;0.7;0.9;826;1.0;1.2;2.3;0.4;0.6;0.2;0.4;1.3;6.5;Crvena Zvezda mts Belgrade;18
Dejan Davidovac;24;15.6;2.1;3.8;543;0.9;2.0;468;1.2;1.9;622;1.4;1.8;773;0.6;1.4;2.0;1.2;0.7;0.3;0.8;2.0;6.5;Crvena Zvezda mts Belgrade;18
Nemanja Dangubic;18;20.2;2.6;5.4;469;1.2;2.6;468;1.3;2.8;471;1.1;1.4;800;0.9;2.5;3.4;1.2;0.7;0.1;1.0;3.1;7.4;Crvena Zvezda mts Belgrade;18
Pero Antic;18;18.2;1.8;5.6;317;1.1;4.1;274;0.7;1.6;429;1.5;1.9;771;0.9;2.5;3.4;1.1;0.7;0.1;0.7;2.4;6.2;Crvena Zvezda mts Belgrade;18
Dylan Ennis;18;13.0;2.0;5.6;356;1.0;2.5;400;1.0;3.1;321;1.5;1.7;871;0.2;1.6;1.8;1.6;0.4;0.1;1.3;1.7;6.5;Crvena Zvezda mts Belgrade;18
Nikola Jovanovic;16;8.1;1.6;2.9;543;0.1;0.2;333;1.5;2.7;558;0.4;1.1;333;1.3;1.4;2.8;0.2;0.1;0.2;0.3;1.2;3.6;Crvena Zvezda mts Belgrade;18
Alen Omic;11;17.4;3.5;4.9;704;0.0;0.0;0;3.5;4.9;704;1.5;2.8;516;1.6;2.3;3.9;0.8;0.2;0.2;1.0;2.3;8.4;Crvena Zvezda mts Belgrade;18
Nikola Radicevic;9;12.3;0.9;4.2;211;0.2;1.3;167;0.7;2.9;231;1.8;2.4;727;0.1;1.0;1.1;1.9;0.6;0.0;1.0;2.4;3.8;Crvena Zvezda mts Belgrade;18
Marko Keselj;6;6.0;0.0;1.0;0;0.0;0.8;0;0.0;0.2;0;0.0;0.0;0;0.2;0.8;1.0;0.5;0.0;0.0;0.5;0.5;0.0;Crvena Zvezda mts Belgrade;18
Stefan Lazarevic;4;3.3;0.3;0.5;500;0.0;0.0;0;0.3;0.5;500;0.3;0.3;1000;0.3;0.3;0.5;0.0;0.3;0.0;0.3;0.8;0.8;Crvena Zvezda mts Belgrade;18
Dragan Apic;3;5.7;0.7;0.7;1000;0.0;0.0;0;0.7;0.7;1000;0.0;0.3;0;0.0;0.0;0.0;0.0;0.0;0.0;0.7;1.3;1.3;Crvena Zvezda mts Belgrade;18
Augustine Rubit;30;21.7;3.5;6.7;527;0.2;0.6;368;3.3;6.1;544;2.8;3.6;794;2.2;2.5;4.7;0.9;0.7;0.3;1.2;2.8;10.1;Brose Bamberg;18
Maodo Lo;30;16.7;2.7;6.0;444;1.2;2.9;414;1.5;3.1;473;0.4;0.5;786;0.1;1.2;1.4;1.8;0.3;0.1;1.1;2.4;6.9;Brose Bamberg;18
Aleksej Nikolic;29;12.3;0.9;2.2;397;0.3;1.1;323;0.5;1.1;469;0.5;0.6;875;0.1;0.8;0.9;1.7;0.1;0.0;0.7;1.8;2.6;Brose Bamberg;18
Ricky Hickman;28;23.9;3.6;9.3;385;1.6;5.0;326;1.9;4.3;454;2.9;3.5;818;0.3;2.0;2.3;2.3;1.1;0.1;2.0;2.5;11.7;Brose Bamberg;18
Leon Radosevic;28;20.7;2.8;5.3;530;0.0;0.0;0;2.8;5.3;534;1.6;2.0;800;1.1;2.3;3.4;0.8;0.3;0.4;1.1;2.2;7.2;Brose Bamberg;18
Lucca Staiger;28;10.4;1.2;3.1;395;1.2;2.9;413;0.0;0.2;167;0.2;0.3;857;0.1;0.4;0.5;0.5;0.1;0.0;0.0;1.0;3.8;Brose Bamberg;18
Dorell Wright;27;25.8;3.9;9.3;421;2.0;4.7;422;1.9;4.6;419;1.8;2.0;873;0.9;4.6;5.4;1.7;0.9;0.4;1.0;1.8;11.6;Brose Bamberg;18
Nikos Zisis;27;22.3;2.2;4.9;444;0.6;1.4;410;1.6;3.5;457;1.3;1.6;818;0.2;1.9;2.1;2.8;0.5;0.0;1.6;2.0;6.3;Brose Bamberg;18
Daniel Hackett;26;24.0;3.1;6.3;497;0.9;2.5;369;2.2;3.8;582;2.4;3.0;808;0.2;2.5;2.7;3.4;0.4;0.0;1.4;2.3;9.6;Brose Bamberg;18
Luka Mitrovic;16;13.7;1.8;3.4;509;0.2;0.5;375;1.6;2.9;532;0.5;0.9;533;1.1;2.1;3.1;0.7;0.2;0.2;1.0;1.6;4.2;Brose Bamberg;18
Dejan Musli;15;19.8;4.0;6.7;594;0.0;0.0;0;4.0;6.7;594;2.4;3.5;679;2.0;4.1;6.1;1.4;0.3;0.3;1.4;1.7;10.4;Brose Bamberg;18
Louis Olinde;15;7.7;0.6;1.3;450;0.1;0.5;125;0.5;0.8;667;0.9;1.0;867;0.3;1.1;1.4;0.3;0.2;0.0;0.6;1.4;2.1;Brose Bamberg;18
Patrick Heckmann;14;11.1;0.7;1.9;385;0.2;0.4;500;0.5;1.4;350;0.4;0.5;857;0.4;0.9;1.4;0.2;0.3;0.0;0.6;1.6;2.1;Brose Bamberg;18
Bryce Taylor;10;23.9;2.5;5.5;455;1.3;3.0;433;1.2;2.5;480;0.5;0.6;833;0.5;1.6;2.1;0.7;0.7;0.2;0.0;2.7;6.8;Brose Bamberg;18
William McDowell-White;2;1.0;0.5;0.5;1000;0.5;0.5;1000;0.0;0.0;0;0.0;0.0;0;0.0;0.0;0.0;0.0;0.0;0.0;0.0;0.0;1.5;Brose Bamberg;18
Eddy Edigin;1;1.0;0.0;0.0;0;0.0;0.0;0;0.0;0.0;0;0.0;0.0;0;0.0;0.0;0.0;0.0;0.0;0.0;0.0;1.0;0.0;Brose Bamberg;18
Thomas Heurtel;30;23.6;4.3;8.7;500;1.1;3.1;348;3.3;5.6;583;1.6;2.0;814;0.4;2.0;2.4;6.4;0.7;0.0;2.3;1.9;11.3;FC Barcelona Lassa;18
Adrien Moerman;30;22.3;3.0;6.8;446;1.1;3.5;324;1.9;3.3;576;0.4;0.6;632;1.3;4.2;5.5;1.0;0.6;0.2;0.9;2.4;7.6;FC Barcelona Lassa;18
Petteri Koponen;29;20.2;2.9;5.9;491;1.6;3.2;511;1.3;2.7;468;0.5;0.6;938;0.2;1.4;1.6;1.5;0.5;0.0;0.9;1.4;7.9;FC Barcelona Lassa;18
Ante Tomic;28;18.6;3.9;6.4;618;0.0;0.0;0;3.9;6.3;621;1.9;3.1;605;1.7;3.1;4.9;1.6;0.3;0.3;1.1;2.4;9.7;FC Barcelona Lassa;18
Pau Ribas;28;17.8;2.3;4.6;500;1.5;3.2;478;0.8;1.4;553;0.6;0.6;1000;0.2;1.4;1.6;3.0;0.7;0.1;1.4;1.5;6.7;FC Barcelona Lassa;18
Pierre Oriola;27;18.8;3.0;5.3;563;0.6;1.2;469;2.4;4.1;589;1.7;2.3;746;1.3;2.1;3.5;0.6;0.3;0.3;0.7;2.9;8.3;FC Barcelona Lassa;18
Adam Hanga;26;24.7;3.2;7.0;453;1.0;2.8;347;2.2;4.2;523;1.4;2.0;679;1.1;2.6;3.7;2.0;0.7;0.7;1.3;2.4;8.7;FC Barcelona Lassa;18
Victor Claver;24;16.0;1.8;3.9;452;0.8;1.9;422;1.0;2.0;479;0.3;0.4;800;0.8;2.1;2.9;1.2;0.6;0.3;0.5;2.0;4.6;FC Barcelona Lassa;18
Juan Carlos Navarro;22;15.6;2.1;6.1;343;1.3;3.8;333;0.8;2.3;360;1.5;1.6;889;0.3;0.8;1.1;1.9;0.3;0.0;1.0;1.2;6.9;FC Barcelona Lassa;18
Phil Pressey;18;12.5;1.7;4.1;405;0.5;1.9;257;1.2;2.2;538;0.6;0.8;667;0.0;1.6;1.6;2.1;0.6;0.1;1.0;1.8;4.4;FC Barcelona Lassa;18
Rakim Sanders;15;20.3;3.5;8.4;421;1.1;3.2;333;2.5;5.2;474;0.7;0.9;786;0.7;2.3;3.1;0.9;1.5;0.3;0.8;2.5;8.9;FC Barcelona Lassa;18
Kevin Seraphin;15;20.3;4.9;8.4;579;0.0;0.1;0;4.9;8.3;584;2.4;3.7;655;1.7;3.2;4.9;0.9;0.3;0.9;1.9;2.6;12.1;FC Barcelona Lassa;18
Sasha Vezenkov;13;11.7;1.2;2.7;429;0.3;1.4;222;0.8;1.3;647;0.9;1.0;923;0.8;1.7;2.5;0.5;0.4;0.1;0.2;1.2;3.5;FC Barcelona Lassa;18
Edwin Jackson;9;14.6;1.8;3.9;457;0.6;1.2;455;1.2;2.7;458;0.4;0.4;1000;0.7;1.2;1.9;1.2;0.8;0.0;0.9;1.7;4.6;FC Barcelona Lassa;18
Rodions Kurucs;4;4.0;0.0;0.5;0;0.0;0.0;0;0.0;0.5;0;0.0;0.0;0;0.0;0.8;0.8;0.0;0.5;0.0;0.3;1.0;0.0;FC Barcelona Lassa;18
Atoumane Diagne;1;8.0;0.0;0.0;0;0.0;0.0;0;0.0;0.0;0;0.0;0.0;0;0.0;1.0;1.0;0.0;2.0;1.0;1.0;2.0;0.0;FC Barcelona Lassa;18
Marc Garcia;1;1.0;1.0;1.0;1000;1.0;1.0;1000;0.0;0.0;0;2.0;2.0;1000;0.0;1.0;1.0;0.0;0.0;0.0;0.0;0.0;5.0;FC Barcelona Lassa;18
Kaleb Tarczewski;30;19.7;2.2;3.4;644;0.0;0.0;0;2.2;3.4;644;2.3;3.2;737;2.1;3.6;5.7;0.3;0.3;0.8;1.1;3.4;6.7;AX Armani Exchange Olimpia Milan;18
Amath M'Baye;30;17.7;2.1;4.5;463;0.8;2.2;379;1.2;2.3;544;1.1;1.4;791;0.5;1.6;2.0;0.9;0.4;0.1;0.7;2.4;6.1;AX Armani Exchange Olimpia Milan;18
Vladimir Micov;29;27.5;4.0;8.2;481;1.6;3.7;443;2.3;4.6;511;1.3;1.7;780;0.2;2.4;2.6;2.2;0.6;0.1;1.4;1.3;10.9;AX Armani Exchange Olimpia Milan;18
Arturas Gudaitis;29;20.7;3.4;5.0;671;0.0;0.0;0;3.4;5.0;671;3.6;5.0;715;2.4;3.9;6.3;0.2;0.6;1.1;0.7;2.7;10.3;AX Armani Exchange Olimpia Milan;18
Dairis Bertans;28;18.4;2.3;5.6;417;1.6;3.9;409;0.7;1.6;435;0.9;1.0;857;0.3;0.7;1.0;1.4;0.4;0.1;0.5;2.0;7.1;AX Armani Exchange Olimpia Milan;18
Andrew Goudelock;25;26.2;4.4;11.1;392;1.6;5.1;313;2.8;6.0;460;2.0;2.2;926;0.4;2.0;2.4;1.8;0.8;0.2;1.2;2.0;12.3;AX Armani Exchange Olimpia Milan;18
Curtis Jerrells;24;20.7;3.4;7.6;445;1.6;4.4;368;1.8;3.2;553;1.2;1.5;800;0.3;1.5;1.8;2.7;0.5;0.0;1.2;1.5;9.5;AX Armani Exchange Olimpia Milan;18
Andrea Cinciarini;24;13.6;1.6;3.2;500;0.4;0.8;474;1.2;2.4;509;1.0;1.3;800;0.5;1.9;2.4;2.1;0.3;0.0;0.9;1.8;4.5;AX Armani Exchange Olimpia Milan;18
Jordan Theodore;23;26.3;4.4;10.1;433;0.9;3.0;294;3.5;7.2;491;2.0;2.3;865;0.5;1.6;2.0;4.3;0.9;0.0;1.8;2.9;11.6;AX Armani Exchange Olimpia Milan;18
Mantas Kalnietis;20;16.3;1.5;4.0;367;0.7;1.7;382;0.8;2.3;356;1.0;1.1;905;0.1;1.7;1.8;2.2;0.5;0.1;1.4;1.2;4.5;AX Armani Exchange Olimpia Milan;18
Mindaugas Kuzminskas;14;21.9;3.8;8.2;461;1.1;2.6;432;2.6;5.6;474;2.2;2.8;795;1.1;1.3;2.4;1.4;0.5;0.1;0.9;1.8;10.9;AX Armani Exchange Olimpia Milan;18
Cory Jefferson;13;11.5;1.3;3.2;415;0.3;1.2;250;1.0;1.9;520;0.5;0.9;583;0.4;0.9;1.3;0.3;0.1;0.1;0.3;1.5;3.5;AX Armani Exchange Olimpia Milan;18
Davide Pascolo;11;11.4;1.7;3.8;452;0.0;0.6;0;1.7;3.2;543;0.4;0.6;571;0.8;1.4;2.2;0.6;0.6;0.1;0.3;1.5;3.8;AX Armani Exchange Olimpia Milan;18
Awudu Abass;10;4.8;0.3;1.5;200;0.1;0.8;125;0.2;0.7;286;0.2;0.3;667;0.5;0.6;1.1;0.2;0.5;0.0;0.2;0.5;0.9;AX Armani Exchange Olimpia Milan;18
Marco Cusin;6;4.3;0.0;0.3;0;0.0;0.0;0;0.0;0.3;0;0.2;0.7;250;0.2;0.7;0.8;0.0;0.2;0.5;0.7;1.3;0.2;AX Armani Exchange Olimpia Milan;18
Simone Fontecchio;2;1.0;0.0;0.0;0;0.0;0.0;0;0.0;0.0;0;0.0;0.0;0;0.0;0.0;0.0;0.0;0.0;0.0;0.0;0.0;0.0;AX Armani Exchange Olimpia Milan;18
Bryant Dunston;30;28.2;3.9;6.1;645;0.1;0.2;333;3.9;5.9;655;2.3;3.3;697;2.1;3.4;5.4;1.3;0.7;1.7;1.0;2.5;10.2;Anadolu Efes Istanbul;18
Vladimir Stimac;30;18.2;3.7;6.4;583;0.0;0.1;0;3.7;6.3;589;2.0;2.8;694;2.5;3.3;5.8;1.0;0.6;0.3;0.9;1.6;9.4;Anadolu Efes Istanbul;18
Errick McCollum;29;26.5;5.0;11.7;429;1.8;4.5;400;3.2;7.2;448;2.7;3.5;775;0.5;1.9;2.4;2.3;0.8;0.4;2.0;2.1;14.6;Anadolu Efes Istanbul;18
Brock Motum;29;19.2;3.3;7.0;475;1.0;2.5;384;2.4;4.5;527;1.0;1.0;967;1.0;2.0;3.0;0.7;0.3;0.0;0.8;1.3;8.7;Anadolu Efes Istanbul;18
Krunoslav Simon;26;28.2;3.2;8.3;384;1.5;4.3;339;1.7;4.0;433;1.4;1.7;818;0.8;3.1;3.9;3.4;0.8;0.2;1.7;2.8;9.2;Anadolu Efes Istanbul;18
Birkan Batuk;23;10.5;0.5;1.4;333;0.3;1.2;286;0.1;0.2;600;0.1;0.3;500;0.3;0.6;0.9;0.2;0.2;0.1;0.0;1.8;1.4;Anadolu Efes Istanbul;18
Derrick Brown;19;20.5;2.8;7.1;400;0.6;1.5;379;2.3;5.6;406;0.9;1.1;850;0.8;1.5;2.3;1.6;0.6;0.2;0.8;1.9;7.2;Anadolu Efes Istanbul;18
Josh Adams;16;16.8;2.3;4.8;474;0.9;2.4;385;1.3;2.3;568;1.6;1.9;833;0.3;1.3;1.6;2.0;0.4;0.1;1.1;2.3;7.0;Anadolu Efes Istanbul;18
Dogus Balbay;16;16.5;0.9;3.1;280;0.1;0.6;100;0.8;2.5;325;0.3;0.5;500;1.0;1.3;2.3;1.8;1.3;0.3;0.4;2.1;2.1;Anadolu Efes Istanbul;18
Zoran Dragic;14;28.1;3.6;8.5;429;1.2;4.0;304;2.4;4.5;540;2.1;2.4;853;0.7;1.4;2.1;2.7;0.8;0.1;1.4;2.4;10.6;Anadolu Efes Istanbul;18
Toney Douglas;14;18.0;2.6;6.1;419;1.1;2.6;417;1.5;3.6;420;1.6;1.9;852;0.6;1.5;2.1;2.0;0.6;0.0;1.4;2.6;7.9;Anadolu Efes Istanbul;18
Ricky Ledo;13;21.0;3.0;9.8;307;1.1;4.1;264;1.9;5.7;338;0.8;1.4;611;0.8;2.9;3.7;1.6;0.8;0.1;1.5;1.1;7.9;Anadolu Efes Istanbul;18
Edo Muric;8;14.5;0.9;3.0;292;0.1;1.4;91;0.8;1.6;462;0.1;0.1;1000;0.4;1.6;2.0;0.4;0.5;0.0;0.8;2.0;2.0;Anadolu Efes Istanbul;18
Muhaymin Mustafa;8;6.1;0.4;1.3;300;0.0;0.5;0;0.4;0.8;500;0.0;0.0;0;0.0;0.1;0.1;0.1;0.1;0.0;0.5;0.6;0.8;Anadolu Efes Istanbul;18
Sonny Weems;6;30.3;6.3;14.0;452;1.2;3.7;318;5.2;10.3;500;1.7;2.2;769;0.8;2.7;3.5;4.0;0.7;0.0;2.2;1.8;15.5;Anadolu Efes Istanbul;18
Berk Demir;5;6.8;0.2;0.6;333;0.0;0.0;0;0.2;0.6;333;0.0;0.0;0;0.2;1.6;1.8;0.6;0.0;0.0;0.2;1.0;0.4;Anadolu Efes Istanbul;18
Onuralp Bitim;4;8.8;0.8;1.3;600;0.5;0.5;1000;0.3;0.8;333;0.5;0.5;1000;0.3;0.8;1.0;0.5;0.0;0.0;1.3;0.3;2.5;Anadolu Efes Istanbul;18
Justin Doellman;3;13.3;2.0;5.3;375;0.7;2.3;286;1.3;3.0;444;0.3;0.7;500;0.3;3.0;3.3;0.3;0.0;0.0;1.0;2.0;5.0;Anadolu Efes Istanbul;18
Yigitcan Saybir;2;5.5;0.0;2.5;0;0.0;1.0;0;0.0;1.5;0;0.0;0.0;0;0.0;0.5;0.5;0.5;0.0;0.0;0.5;1.0;0.0;Anadolu Efes Istanbul;18